model,dataset,n,acc,prec,rec,f1,auc
baseline_rad_dino,test,1940,0.9897,0.9978,0.9804,0.9890,0.9995
baseline_rad_dino,shenzhen,662,0.8927,0.8863,0.9048,0.8954,0.9609
baseline_rad_dino,montgomery,138,0.8913,0.8308,0.9310,0.8780,0.9672
baseline_rad_dino,tbx11k_raw,8400,0.6174,0.1940,0.9563,0.3225,0.9010
baseline_rad_dino,tbx11k_balanced,1600,0.7690,0.6957,0.9563,0.8054,0.9010
baseline_rad_dino,tbx11k_healthy,1600,0.9206,0.8926,0.9563,0.9234,0.9779
maskch_rad_dino,test,1940,0.9938,0.9978,0.9891,0.9934,0.9997
maskch_rad_dino,shenzhen,662,0.8112,0.7592,0.9196,0.8318,0.9264
maskch_rad_dino,montgomery,138,0.7899,0.6747,0.9655,0.7943,0.9381
maskch_rad_dino,tbx11k_raw,8400,0.5988,0.1852,0.9450,0.3097,0.8551
maskch_rad_dino,tbx11k_balanced,1600,0.7537,0.6835,0.9450,0.7932,0.8551
maskch_rad_dino,tbx11k_healthy,1600,0.9101,0.8834,0.9450,0.9132,0.9731
baseline_chexfound_vitl16,test,1940,0.9918,0.9989,0.9837,0.9912,0.9999
baseline_chexfound_vitl16,shenzhen,662,0.7432,0.7005,0.8631,0.7733,0.8624
baseline_chexfound_vitl16,montgomery,138,0.6667,0.5577,1.0000,0.7160,0.9325
baseline_chexfound_vitl16,tbx11k_raw,8400,0.6027,0.1825,0.9113,0.3041,0.8479
baseline_chexfound_vitl16,tbx11k_balanced,1600,0.7408,0.6795,0.9113,0.7785,0.8479
baseline_chexfound_vitl16,tbx11k_healthy,1600,0.8858,0.8670,0.9113,0.8886,0.9502
maskch_chexfound_vitl16,test,1940,0.9856,0.9967,0.9728,0.9846,0.9995
maskch_chexfound_vitl16,shenzhen,662,0.8082,0.8297,0.7827,0.8055,0.8732
maskch_chexfound_vitl16,montgomery,138,0.8406,0.9500,0.6552,0.7755,0.9157
maskch_chexfound_vitl16,tbx11k_raw,8400,0.6468,0.1882,0.8175,0.3060,0.7446
maskch_chexfound_vitl16,tbx11k_balanced,1600,0.7232,0.6877,0.8175,0.7470,0.7446
maskch_chexfound_vitl16,tbx11k_healthy,1600,0.9024,0.9848,0.8175,0.8934,0.9689
baseline_densenet121,test,1940,0.9871,0.9956,0.9772,0.9863,0.9987
baseline_densenet121,shenzhen,662,0.6631,0.6226,0.8542,0.7202,0.7798
baseline_densenet121,montgomery,138,0.7246,0.6852,0.6379,0.6607,0.8200
baseline_densenet121,tbx11k_raw,8400,0.5761,0.1601,0.8125,0.2674,0.7255
baseline_densenet121,tbx11k_balanced,1600,0.6818,0.6442,0.8125,0.7186,0.7255
baseline_densenet121,tbx11k_healthy,1600,0.8501,0.8785,0.8125,0.8442,0.9173
maskch_densenet121,test,1940,0.9861,0.9945,0.9761,0.9852,0.9988
maskch_densenet121,shenzhen,662,0.6314,0.5916,0.8839,0.7088,0.7348
maskch_densenet121,montgomery,138,0.7536,0.6818,0.7759,0.7258,0.8554
maskch_densenet121,tbx11k_raw,8400,0.4901,0.1414,0.8588,0.2429,0.6924
maskch_densenet121,tbx11k_balanced,1600,0.6550,0.6102,0.8588,0.7134,0.6924
maskch_densenet121,tbx11k_healthy,1600,0.8053,0.7758,0.8588,0.8152,0.8985
baseline_swin_tiny,test,1940,0.9887,0.9967,0.9793,0.9879,0.9989
baseline_swin_tiny,shenzhen,662,0.7356,0.7218,0.7798,0.7496,0.8088
baseline_swin_tiny,montgomery,138,0.7899,0.7636,0.7241,0.7434,0.8703
baseline_swin_tiny,tbx11k_raw,8400,0.6099,0.1650,0.7625,0.2713,0.7010
baseline_swin_tiny,tbx11k_balanced,1600,0.6782,0.6524,0.7625,0.7032,0.7010
baseline_swin_tiny,tbx11k_healthy,1600,0.8651,0.9593,0.7625,0.8496,0.9328
maskch_swin_tiny,test,1940,0.9897,0.9967,0.9815,0.9890,0.9991
maskch_swin_tiny,shenzhen,662,0.7054,0.6715,0.8214,0.7390,0.8086
maskch_swin_tiny,montgomery,138,0.8043,0.8444,0.6552,0.7379,0.8593
maskch_swin_tiny,tbx11k_raw,8400,0.5905,0.1629,0.7975,0.2706,0.6958
maskch_swin_tiny,tbx11k_balanced,1600,0.6831,0.6490,0.7975,0.7156,0.6958
maskch_swin_tiny,tbx11k_healthy,1600,0.8749,0.9436,0.7975,0.8644,0.9371
baseline_convnext_tiny,test,1940,0.9866,0.9945,0.9772,0.9857,0.9992
baseline_convnext_tiny,shenzhen,662,0.6752,0.6330,0.8571,0.7282,0.7726
baseline_convnext_tiny,montgomery,138,0.7899,0.8919,0.5690,0.6947,0.8728
baseline_convnext_tiny,tbx11k_raw,8400,0.5845,0.1632,0.8150,0.2720,0.7061
baseline_convnext_tiny,tbx11k_balanced,1600,0.6876,0.6495,0.8150,0.7229,0.7061
baseline_convnext_tiny,tbx11k_healthy,1600,0.8842,0.9459,0.8150,0.8756,0.9471
maskch_convnext_tiny,test,1940,0.9881,0.9967,0.9783,0.9874,0.9989
maskch_convnext_tiny,shenzhen,662,0.6949,0.6718,0.7798,0.7218,0.7863
maskch_convnext_tiny,montgomery,138,0.7899,0.8222,0.6379,0.7184,0.8675
maskch_convnext_tiny,tbx11k_raw,8400,0.5835,0.1588,0.7850,0.2641,0.6993
maskch_convnext_tiny,tbx11k_balanced,1600,0.6736,0.6420,0.7850,0.7063,0.6993
maskch_convnext_tiny,tbx11k_healthy,1600,0.8636,0.9313,0.7850,0.8519,0.9393
dgablation_strong_aug_no_mixup,test,1940,0.9918,0.9967,0.9859,0.9913,0.9996
dgablation_strong_aug_no_mixup,shenzhen,662,0.8958,0.9033,0.8899,0.8966,0.9605
dgablation_strong_aug_no_mixup,montgomery,138,0.9058,0.8261,0.9828,0.8976,0.9737
dgablation_strong_aug_no_mixup,tbx11k_raw,8400,0.6058,0.1899,0.9613,0.3172,0.9085
dgablation_strong_aug_no_mixup,tbx11k_balanced,1600,0.7648,0.6901,0.9613,0.8034,0.9085
dgablation_strong_aug_no_mixup,tbx11k_healthy,1600,0.9290,0.9031,0.9613,0.9313,0.9807
dgablation_no_dg,test,1940,0.9974,0.9978,0.9967,0.9973,0.9997
dgablation_no_dg,shenzhen,662,0.8973,0.9558,0.8363,0.8921,0.9574
dgablation_no_dg,montgomery,138,0.7464,0.6237,1.0000,0.7682,0.9793
dgablation_no_dg,tbx11k_raw,8400,0.5635,0.1735,0.9525,0.2936,0.8676
dgablation_no_dg,tbx11k_balanced,1600,0.7375,0.6661,0.9525,0.7840,0.8676
dgablation_no_dg,tbx11k_healthy,1600,0.9273,0.9068,0.9525,0.9291,0.9809
dgablation_stratified_fold,test,1940,0.9985,0.9989,0.9978,0.9984,0.9999
dgablation_stratified_fold,shenzhen,662,0.9169,0.9194,0.9167,0.9180,0.9706
dgablation_stratified_fold,montgomery,138,0.7826,0.6628,0.9828,0.7917,0.9707
dgablation_stratified_fold,tbx11k_raw,8400,0.5561,0.1735,0.9725,0.2944,0.8811
dgablation_stratified_fold,tbx11k_balanced,1600,0.7424,0.6660,0.9725,0.7906,0.8811
dgablation_stratified_fold,tbx11k_healthy,1600,0.9284,0.8936,0.9725,0.9314,0.9861
dgablation_light_aug_no_mixup,test,1940,0.9959,0.9957,0.9957,0.9957,0.9999
dgablation_light_aug_no_mixup,shenzhen,662,0.8852,0.8672,0.9137,0.8899,0.9557
dgablation_light_aug_no_mixup,montgomery,138,0.7391,0.6196,0.9828,0.7600,0.9787
dgablation_light_aug_no_mixup,tbx11k_raw,8400,0.5226,0.1632,0.9725,0.2796,0.8884
dgablation_light_aug_no_mixup,tbx11k_balanced,1600,0.7239,0.6495,0.9725,0.7789,0.8884
dgablation_light_aug_no_mixup,tbx11k_healthy,1600,0.8924,0.8383,0.9725,0.9004,0.9791
dgablation_mixup_only,test,1940,0.9979,0.9989,0.9967,0.9978,0.9999
dgablation_mixup_only,shenzhen,662,0.8218,0.7583,0.9524,0.8443,0.9468
dgablation_mixup_only,montgomery,138,0.7174,0.6000,0.9828,0.7451,0.9623
dgablation_mixup_only,tbx11k_raw,8400,0.4615,0.1472,0.9712,0.2557,0.8812
dgablation_mixup_only,tbx11k_balanced,1600,0.6896,0.6213,0.9712,0.7578,0.8812
dgablation_mixup_only,tbx11k_healthy,1600,0.8410,0.7706,0.9712,0.8593,0.9686
dgablation_no_crop,test,1940,0.9923,1.0000,0.9837,0.9918,0.9996
dgablation_no_crop,shenzhen,662,0.8520,0.8628,0.8423,0.8524,0.9280
dgablation_no_crop,montgomery,138,0.8768,0.8596,0.8448,0.8522,0.9526
dgablation_no_crop,tbx11k_raw,8400,0.6877,0.2179,0.8800,0.3493,0.8753
dgablation_no_crop,tbx11k_balanced,1600,0.7737,0.7258,0.8800,0.7955,0.8753
dgablation_no_crop,tbx11k_healthy,1600,0.9142,0.9446,0.8800,0.9112,0.9691
chexfound_glori,test,1940,0.9835,0.9989,0.9663,0.9823,0.9985
chexfound_glori,shenzhen,662,0.6964,0.7922,0.5446,0.6455,0.7907
chexfound_glori,montgomery,138,0.5580,0.4874,1.0000,0.6554,0.8537
chexfound_glori,tbx11k_raw,8400,0.4607,0.1335,0.8488,0.2306,0.7155
chexfound_glori,tbx11k_balanced,1600,0.6343,0.5940,0.8488,0.6989,0.7155
chexfound_glori,tbx11k_healthy,1600,0.7703,0.7336,0.8488,0.7870,0.8850
maskguidedvit_rad_dino,test,1940,0.9928,0.9967,0.9880,0.9924,0.9998
maskguidedvit_rad_dino,shenzhen,662,0.7976,0.7382,0.9315,0.8237,0.9432
maskguidedvit_rad_dino,montgomery,138,0.6087,0.5179,1.0000,0.6824,0.9728
maskguidedvit_rad_dino,tbx11k_raw,8400,0.5231,0.1625,0.9650,0.2782,0.8725
maskguidedvit_rad_dino,tbx11k_balanced,1600,0.7208,0.6483,0.9650,0.7756,0.8725
maskguidedvit_rad_dino,tbx11k_healthy,1600,0.8618,0.8000,0.9650,0.8748,0.9778
dual_stream,test,1940,0.9794,0.9966,0.9598,0.9779,0.9994
dual_stream,shenzhen,662,0.5498,0.6131,0.3065,0.4087,0.6148
dual_stream,montgomery,138,0.6232,0.8750,0.1207,0.2121,0.7481
ens_rad_dino+chexfound,test,1940,0.9933,0.9989,0.9870,0.9929,0.9999
ens_rad_dino+chexfound,shenzhen,662,0.8338,0.8087,0.8810,0.8433,0.9328
ens_rad_dino+chexfound,montgomery,138,0.8188,0.7037,0.9828,0.8201,0.9683
ens_rad_dino+chexfound,tbx11k_raw,8400,0.6229,0.1944,0.9413,0.3222,0.8814
ens_rad_dino+chexfound,tbx11k_balanced,1600,0.7653,0.6962,0.9413,0.8004,0.8814
ens_rad_dino+chexfound,tbx11k_healthy,1600,0.9202,0.9033,0.9413,0.9219,0.9736
ens_5encoder,test,1940,0.9897,0.9967,0.9815,0.9890,0.9998
ens_5encoder,shenzhen,662,0.7402,0.6981,0.8601,0.7707,0.8711
ens_5encoder,montgomery,138,0.8623,0.8421,0.8276,0.8348,0.9218
ens_5encoder,tbx11k_raw,8400,0.6068,0.1797,0.8775,0.2983,0.7914
ens_5encoder,tbx11k_balanced,1600,0.7279,0.6754,0.8775,0.7633,0.7914
ens_5encoder,tbx11k_healthy,1600,0.9149,0.9485,0.8775,0.9116,0.9654
maskch_densenet121,mendeley_tb,3007,0.8567,0.8573,0.9924,0.9199,0.8797
maskch_rad_dino,mendeley_tb,3007,0.8460,0.8446,0.9980,0.9149,0.9589
ens_5encoder,mendeley_tb,3007,0.8437,0.8502,0.9852,0.9127,0.8945
dgablation_strong_aug_no_mixup,mendeley_tb,3007,0.8380,0.8373,0.9988,0.9110,0.9707
maskch_convnext_tiny,mendeley_tb,3007,0.8404,0.8487,0.9828,0.9108,0.9167
baseline_rad_dino,mendeley_tb,3007,0.8364,0.8366,0.9976,0.9100,0.9430
ens_rad_dino+chexfound,mendeley_tb,3007,0.8354,0.8360,0.9972,0.9095,0.9198
baseline_swin_tiny,mendeley_tb,3007,0.8417,0.8658,0.9575,0.9094,0.8668
baseline_densenet121,mendeley_tb,3007,0.8390,0.8600,0.9627,0.9084,0.8297
maskch_chexfound_vitl16,mendeley_tb,3007,0.8387,0.8604,0.9615,0.9082,0.8879
dgablation_stratified_fold,mendeley_tb,3007,0.8321,0.8341,0.9956,0.9077,0.7566
baseline_chexfound_vitl16,mendeley_tb,3007,0.8324,0.8366,0.9916,0.9075,0.8808
dgablation_no_dg,mendeley_tb,3007,0.8294,0.8294,1.0000,0.9067,0.9629
dgablation_light_aug_no_mixup,mendeley_tb,3007,0.8294,0.8294,1.0000,0.9067,0.9660
dgablation_mixup_only,mendeley_tb,3007,0.8294,0.8294,1.0000,0.9067,0.8987
baseline_convnext_tiny,mendeley_tb,3007,0.8294,0.8489,0.9663,0.9038,0.8689
chexfound_glori,mendeley_tb,3007,0.8194,0.8301,0.9836,0.9003,0.7802
maskch_swin_tiny,mendeley_tb,3007,0.8234,0.8509,0.9543,0.8996,0.8043
